URL,Last crawled
https://sellontube.com/youtube-for/shopify,2026-07-10
https://sellontube.com/youtube-vs/webinars,2026-07-10
https://sellontube.com/tag/b2b-video-marketing,2026-07-09
https://sellontube.com/youtube-video-ideas/agency-pricing-structure-videos,2026-07-04
https://sellontube.com/blog/how-to-find-youtube-video-ranking-keywords,2026-06-20
https://sellontube.com/youtube-for/course-creators,2026-06-14
https://sellontube.com/youtube-video-ideas/agency-process-transparency-videos,2026-06-13
https://sellontube.com/youtube-vs/referral-marketing,2026-06-13
https://sellontube.com/youtube-for/marketing-agencies,2026-06-12
https://sellontube.com/youtube-for/fintech-companies,2026-06-02
https://sellontube.com/blog/youtube-titles-for-business,2026-05-23
https://sellontube.com/youtube-vs/paid-ads,2026-05-20
https://sellontube.com/blog/youtube-marketing-strategy,2026-05-20
https://sellontube.com/blog/compounding-effect-four-videos-a-month,2026-05-18
https://sellontube.com/youtube-for/cybersecurity-companies,2026-05-18
https://sellontube.com/blog/youtube-marketing-roi,2026-05-15
https://sellontube.com/blog/youtube-seo-guide,2026-05-15
https://sellontube.com/blog/youtube-marketing-b2b,2026-05-15
https://sellontube.com/youtube-video-ideas/agency-audit-walkthrough-videos,2026-05-14
https://sellontube.com/youtube-for/coaches,2026-05-14
https://sellontube.com/youtube-video-ideas/business-youtube-video-ideas,2026-05-14
https://sellontube.com/youtube-for/consultants,2026-05-13
https://sellontube.com/youtube-video-ideas/consultant-vs-hire-videos,2026-05-09
https://sellontube.com/terms,2026-05-09
https://sellontube.com/youtube-for/financial-advisors,2026-05-08
https://sellontube.com/youtube-for/b2b-companies,2026-05-08
https://sellontube.com/blog/youtube-keyword-research,2026-05-08
https://sellontube.com/youtube-video-ideas/saas-roi-proof-videos,2026-05-08
https://sellontube.com/blog/youtube-script-writing-guide,2026-05-08
https://sellontube.com/blog/create-youtube-channel-for-business,2026-05-06
https://sellontube.com/youtube-for/agencies,2026-05-04
https://sellontube.com/youtube-video-ideas/agency-case-study-videos,2026-05-04
https://sellontube.com/youtube-vs/seo-content,2026-05-03
https://sellontube.com/youtube-vs/content-marketing,2026-05-03
https://sellontube.com/youtube-video-ideas/b2b-vendor-comparison-videos,2026-05-02
https://sellontube.com/youtube-video-ideas/agency-niche-expertise-videos,2026-04-21
https://sellontube.com/blog/b2b-video-content-ideas,2026-04-20
https://sellontube.com/youtube-video-ideas/b2b-process-transparency-videos,2026-04-15
https://sellontube.com/slides,2026-04-08
https://sellontube.com/youtube-topics/agency-process-transparency-videos,2026-04-08
https://sellontube.com/youtube-vs/email-marketing,2026-04-04
https://sellontube.com/youtube-topics,2026-04-01
https://sellontube.com/youtube-vs/,2026-04-01
https://sellontube.com/youtube-for-coaches,2026-03-31
https://sellontube.com/youtube-for-consultants,2026-03-30
https://sellontube.com/?ref=peerlist,2026-03-27
https://sellontube.com/youtube-topics/agency-case-study-videos,2026-03-27
https://sellontube.com/youtube-for-saas,2026-03-27
https://sellontube.com/youtube-topics/saas-buyer-guide-videos,2026-03-24
https://sellontube.com/youtube-topics/coach-methodology-videos,2026-03-20
https://sellontube.com/homes/mobile-app,2026-03-20
https://sellontube.com/youtube-topics/coach-results-videos,2026-03-20
https://sellontube.com/calculator,2026-03-18
https://sellontube.com/rss.xml,2026-02-28
https://sellontube.com/calculator?revenue,2026-02-25
https://sellontube.com/tag/data,2026-02-24