original,corrected
ai vidio,ai video
chanel analytics,channel analytics
mini tool utube,mini tool youtube
mini tool utube downloader,mini tool youtube downloader
monetise on youtube,monetize on youtube
monetise your youtube channel,monetize your youtube channel
optimisation video youtube,optimization video youtube
optimise video for youtube,optimize video for youtube
optimise youtube channel,optimize youtube channel
search engine optimisation youtube,search engine optimization youtube
utube youtube,youtube youtube
youtube channel optimisation,youtube channel optimization
youtube optimisation,youtube optimization
youtube seo optimisation,youtube seo optimization
