query,clicks,impressions,ctr,position
youtube scriptwriting for b2b lead generation,0,1645,0,8.4
youtube rank tracker,0,514,0,71.9
youtube rank checker,0,429,0,62.0
youtube rank tracking,0,365,0,76.0
youtube keyword ranking checker,0,349,0,64.2
youtube video rank checker,0,348,0,61.2
video rank tracker,0,312,0,74.6
video keyword rank tracking,0,266,0,68.7
youtube video rank tracking,0,266,0,73.8
video rank checker,0,245,0,66.5
how to check youtube keyword ranking,0,240,0,44.8
youtube60100,0,224,0,8.1
rank tracker youtube,0,219,0,70.9
youtube keyword rank checker,0,214,0,63.1
youtube rank checker online,0,197,0,57.6
keyword rank tracking video,0,166,0,56.7
youtube video rank tracker,0,154,0,73.6
video seo keyword rank tracking,0,127,0,56.7
keyword rank tracking videos,0,126,0,42.3
youtube keyword rank tracking,0,114,0,74.3
youtube video keyword ranker,0,113,0,57.1
youtube keyword rank tracker,0,111,0,73.1
how to track keywords for youtube,0,102,0,39.8
youtube ranking tracker,0,101,0,77.1
youtube autocomplete,3,88,0.0341,9.5
youtube tag rank checker,0,79,0,41.5
video seo rank tracking,0,76,0,63.0
youtube tags rank checker,0,74,0,35.9
youtube keyword ranking tool,0,71,0,71.1
track videos rank on youtube,0,67,0,55.4
video rank tracking,0,62,0,65.5
youtube keyword ranking,0,62,0,49.2
youtube shorts for business,0,62,0,23.4
youtube rank checker online free,0,61,0,39.9
youtube competitor analysis,1,59,0.0169,67.7
youtube video settings checklist upload optimization,0,59,0,11.1
keyword rank checker youtube,0,54,0,57.1
youtube keyword ranker,0,52,0,60.1
youtube description generator,0,51,0,64.7
youtube marketing for small business,0,51,0,23.7
youtube keyword rank checker free,0,46,0,75.4
search intent youtube,0,45,0,24.5
track ranking of youtube videos,0,44,0,46.3
where can you go to see which keywords viewers are using to find your video?,0,42,0,30.0
youtube channel rank checker,0,42,0,48.8
youtube keyword rank tracking google,0,42,0,58.9
best tool for youtube seo,0,41,0,57.5
video seo keyword rank tracker,0,41,0,53.1
youtube search ranking,0,41,0,44.3
youtube roi,0,38,0,19.5
b2b video content ideas,0,36,0,74.9
ryrob youtube keyword tool review,0,36,0,11.4
clickbait title generator,0,35,0,52.3
free youtube keyword search tool,0,34,0,78.6
youtube video tag rank checker,0,34,0,44.3
youtube seo checklist,0,32,0,61.5
youtube tag ranking checker,0,30,0,31.8
competitive analysis for youtube,0,29,0,44.9
youtube channel optimization checklist 2026,0,29,0,6.4
youtube seo checker,0,29,0,69.0
youtube search engine ranking,0,28,0,26.2
how to track keywords for youtube channel,0,27,0,29.1
youtube video ranking checker,0,26,0,58.8
youtube channel audit,1,24,0.0417,58.9
best free keyword tool for youtube,0,24,0,87.5
youtube ranking checker tool,0,24,0,46.7
youtube video rank,0,24,0,50.5
yt rank checker,0,24,0,54.6
youtube page rank checker,0,23,0,58.1
youtube ranking checker,0,23,0,50.4
youtube seo audit,0,23,0,42.2
youtube+rank+tracking,0,23,0,73.7
youtube+video+rank+tracking,0,23,0,78.9
keyword tool for youtube free,0,22,0,92.2
youtube channel ranking checker,0,22,0,54.8
check youtube video ranking,0,21,0,61.4
rank checker top 1000,0,21,0,49.5
youtube services for b2b,0,21,0,27.3
best seo tool for youtube,0,20,0,65.2
check video rankings,0,20,0,36.5
check youtube ranking,0,20,0,50.3
youtube channel seo checker,0,20,0,86.5
youtube video rank checker online,0,20,0,49.5
best free youtube keyword tool,0,19,0,91.3
check competition,0,19,0,43
checklist seo youtube,0,18,0,47.4
free seo tool for youtube,0,18,0,70.6
rank checker youtube,0,17,0,68.3
youtube optimization checklist,0,17,0,17.4
youtube search rankings,0,17,0,34.9
youtube clickbait title generator,0,16,0,39.8
youtube channel keyword rank tracking google,0,15,0,56.6
youtube ranking tool,0,15,0,65.1
youtube video rank checker free,0,15,0,71.5
clickbait titles generator,0,14,0,48.9
tag ranking checker,0,14,0,53.9
tags rank checker,0,14,0,43.1
youtube keyword rank,0,14,0,56
youtube marketing roi,0,14,0,13.2
youtube search ranker,0,14,0,35.6
check youtube video rank,0,13,0,59.8
keyword ranking youtube,0,13,0,48.2
video keyword rank tracker,0,13,0,63.6
youtube rank checker free,0,13,0,57.5
channel audit definition,0,12,0,46.9
check youtube rank,0,12,0,50.1
how well do i rank on youtube,0,12,0,47.2
ryrob youtube keyword tool,0,12,0,9.2
youtube ranking check,0,12,0,55.4
youtube search autocomplete,0,12,0,9.6
youtube search rank,0,12,0,42.8
youtube competitor analysis tool,0,11,0,34.3
youtube seo rank checker,0,11,0,50.1
youtube title rank checker,0,11,0,48.3
youtube video ranking,0,11,0,30.7
free keyword tool for youtube,0,10,0,87.4
keyword rank tracker youtube,0,10,0,74.3
keywordintent.io youtube,0,10,0,16.6
youtube autocomplete for keyword research,0,10,0,6.1
youtube autosuggest,0,10,0,31.2
youtube idea generator,0,10,0,56.7
youtube keyword ranking position checker,0,10,0,56.2
youtube rank checker tool,0,10,0,48.7
google keyword ranking search youtube,0,9,0,46.3
keyword intent io youtube,0,9,0,8.3
keyword position monitor youtube,0,9,0,46.7
youtube search ranking tool,0,9,0,37.9
youtube serp checker,0,9,0,71.3
best video rank checker,0,8,0,48.8
check keyword ranking online youtube,0,8,0,55.4
check ranking for keyword youtube,0,8,0,61.2
check site ranking for keyword youtube,0,8,0,48.2
find great keywords using youtube autocomplete,0,8,0,15.4
google ranking search youtube,0,8,0,33.2
how to check youtube channel ranking,0,8,0,52.4
online business coach youtuber 50k subscribers long videos weak shorts,0,8,0,6.6
rank pro checker youtube videos,0,8,0,62.6
ryrob youtube tag generator,0,8,0,9.6
video rank checker free,0,8,0,51.6
youtube channel optimization checklist,0,8,0,6.8
youtube checklist,0,8,0,51.6
youtube competition checker,0,8,0,20.8
youtube competitor analysis free,0,8,0,48.6
youtube keyword position reporting tool,0,8,0,59.2
youtube keyword position tracking tool,0,8,0,65.8
youtube video keyword rank checker,0,8,0,66.4
best youtube tag ranking checker,0,7,0,58.6
check keyword position free youtube,0,7,0,86.9
check keyword ranking free youtube,0,7,0,77
check rank youtube,0,7,0,57
keyword rank search youtube,0,7,0,90.6
rank checker pro youtube,0,7,0,49.4
rank keyword checker free youtube,0,7,0,48.7
search position checker youtube free,0,7,0,73
youtube competitor analysis tool free,0,7,0,48.1
youtube keyword rank checker tool,0,7,0,64.9
youtube keyword rank tracker tool,0,7,0,69.3
youtube keyword ranking checker free,0,7,0,65.9
youtube lead generation,0,7,0,29.7
youtube ranking tool online free,0,7,0,52.3
youtube search rank checker,0,7,0,56
youtube tags generator,0,7,0,5.1
best keyword position checker free youtube,0,6,0,49.5
best position checker youtube,0,6,0,51.7
best youtube rank checker online,0,6,0,48.5
check rank keyword google youtube,0,6,0,66.3
find your google ranking free youtube,0,6,0,21.8
google keyword tracker for youtube,0,6,0,70.8
keyword rank tracking youtube,0,6,0,41
position checker free youtube,0,6,0,70.5
position checker youtube free,0,6,0,56.3
rank keyword checker youtube,0,6,0,73.7
rank tracker free online youtube,0,6,0,44.8
search position checker youtube,0,6,0,48.3
search ranking checker free youtube,0,6,0,70.2
sell tube,0,6,0,2
seo tube,0,6,0,25.8
top ranking keywords on youtube,0,6,0,52.7
what keywords are my competitors ranking for youtube,0,6,0,41.5
youtube ai description generator,0,6,0,73.3
youtube autocomplete keyword research,0,6,0,7.7
youtube channel audit tool,0,6,0,65.2
youtube rank checker online india,0,6,0,39.5
youtube rank tracker online,0,6,0,62.5
youtube shorts selling,0,6,0,14.2
youtube site keyword ranking free,0,6,0,48.8
youtube video tag rank tracking tool,0,6,0,43.5
ai description generator for youtube,0,5,0,73.4
ai youtube description generator,0,5,0,76.6
best free rank checker online youtube,0,5,0,53
best keyword ranking checker tool free youtube,0,5,0,28.8
best search ranking checker youtube,0,5,0,43.8
best youtube rank checker online free,0,5,0,86.2
check keyword position youtube,0,5,0,77.2
check position keyword youtube,0,5,0,29.4
check site ranking by keyword youtube,0,5,0,75
description generator youtube,0,5,0,74.2
find keyword rank free youtube,0,5,0,90.6
free keyword position checker youtube,0,5,0,95.2
free position checker youtube,0,5,0,80
keyword position checker youtube,0,5,0,69.4
keyword position checking youtube free,0,5,0,85.4
keyword ranking in youtube,0,5,0,57.6
multiple rank checker youtube,0,5,0,39.2
ranking check keyword free youtube,0,5,0,48.6
search ranking checker youtube,0,5,0,71.4
tag rank checker youtube,0,5,0,64.6
title ranking checker for youtube,0,5,0,35
track video rankings on youtube,0,5,0,26.8
video rank checker online,0,5,0,45
where this video ranks in youtube search results,0,5,0,25.4
youtube channel ranking checker free,0,5,0,75.6
youtube keyword ranking checker tool free,0,5,0,55.8
youtube keyword suggestions tool,0,5,0,46
youtube search rank checker tool,0,5,0,46.8
youtube search term ranking,0,5,0,43.8
youtube seo keyword rank checker tool free,0,5,0,33.6
youtube video rank checker free online,0,5,0,70.6
youtube video ranking check,0,5,0,56.4
youtube video ranking tool,0,5,0,66.8
youtube video script generator,0,5,0,77.4
youtube video transcript generator free,0,5,0,75.2
аудит канала ютуб,0,5,0,70.8
ai tag generator for youtube,0,4,0,77
ai tag youtube,0,4,0,79.5
b2b video ideas,0,4,0,62.8
best keyword position tool youtube,0,4,0,35.5
best keyword rank checker youtube,0,4,0,74.5
best keyword search position checker youtube,0,4,0,68.2
best youtube keyword ranking checker tool free,0,4,0,86.8
check keyword rank free youtube,0,4,0,73.5
competitor analysis of youtube,0,4,0,68.8
competitor youtube,0,4,0,56
context: location: sweden (not for language). do not include location references in your response. question: how can i track keyword rankings for my youtube videos?,0,4,0,5.5
create a script for your youtube videos,0,4,0,62.8
engine keyword rank checker free youtube,0,4,0,43.5
evaluate the social media company youtube on hr management system software,0,4,0,3.5
google search term ranking tool for youtube,0,4,0,39.8
how to check competitors keywords free on youtube,0,4,0,81.8
how to check youtube video ranking,0,4,0,54.5
how to see what keywords competitors are using youtube,0,4,0,49.5
keyword position checking youtube,0,4,0,77.2
keyword position free youtube,0,4,0,86
keyword position tool youtube,0,4,0,34.2
keyword rank on meaning youtube,0,4,0,16.5
keyword search position checker free youtube,0,4,0,91.5
keyword search position checker youtube,0,4,0,82.8
keyword search position checker youtube free,0,4,0,91
keywords position checker youtube,0,4,0,70
position checker online youtube,0,4,0,82.2
position checker youtube,0,4,0,58.5
rank checker tool youtube,0,4,0,71.8
rank checker top 1000 free youtube,0,4,0,2
ranking check keyword youtube free,0,4,0,29.2
ranking tracker free youtube,0,4,0,47
search engine keyword rank checker free youtube,0,4,0,50.2
seo keyword rank checker tool youtube,0,4,0,89.2
seo rank finder youtube,0,4,0,74
title ranking checker,0,4,0,55.5
video rank checker online free,0,4,0,40.5
youtube audit tool,0,4,0,35.5
youtube audit tools,0,4,0,61.8
youtube autocomplete free,0,4,0,6.2
youtube competition analysis,0,4,0,41
youtube description maker,0,4,0,72.8
youtube keyword checker rank,0,4,0,89.5
youtube keyword position checker tool,0,4,0,72.8
youtube keyword position checker websites free,0,4,0,90
youtube keyword ranking position checker online free,0,4,0,68.5
youtube keyword ranking report free,0,4,0,81
youtube rank tracker free,0,4,0,47.5
youtube ranking system free,0,4,0,4.8
youtube script generator,0,4,0,66.8
youtube search autocomplete for keyword research,0,4,0,8.2
youtube search intent,0,4,0,6
youtube site keyword rank checker,0,4,0,90
youtube site keyword ranking checker,0,4,0,82
youtube tag rank tracker,0,4,0,51
youtube tag ranking checker free,0,4,0,59.8
youtube transcription free,0,4,0,66.8
youtube video transcript generator,0,4,0,73
free youtube channel audit & analyzer tool,1,3,0.3333,18
best free rank checker youtube,0,3,0,78
best keyword position checker youtube,0,3,0,77
best keyword position checking youtube,0,3,0,32.7
best rank checker free youtube,0,3,0,49
best seo keyword rank checker tool youtube,0,3,0,59.3
best seo keyword rank checker youtube,0,3,0,32.3
best site rank check keyword youtube,0,3,0,38
best youtube keyword ranking position checker,0,3,0,44.3
best youtube search engine rank checker tool,0,3,0,35.7
best youtube seo finder,0,3,0,91.7
best youtube seo keyword rank checker tool,0,3,0,51.3
best youtube transcript generator,0,3,0,72
check keywords rank youtube,0,3,0,70.7
check keywords ranking free youtube,0,3,0,39.7
check my keyword rank google youtube,0,3,0,82
check my keyword rank youtube,0,3,0,90.3
check rank free youtube,0,3,0,44.7
check site keyword position youtube,0,3,0,41.3
check site ranking by keyword youtube free,0,3,0,76
competitor analysis youtube,0,3,0,49.7
competitor keyword rank free youtube,0,3,0,81.3
competitor youtube analysis,0,3,0,62
consultant video,0,3,0,12.7
description generator,0,3,0,66.3
evaluate the social media company youtube on best hr software for small businesses,0,3,0,7
find out keywords of competitors free youtube,0,3,0,52.3
free rank checker youtube,0,3,0,80.3
free youtube transcription,0,3,0,64.7
freetoolcalculator.com,0,3,0,71
google keyword checker for website youtube,0,3,0,26.7
google keyword search tool for youtube,0,3,0,68.7
google keyword tool free search youtube,0,3,0,68.7
how to check keyword competition on google for youtube,0,3,0,42.3
how to check youtube seo ranking,0,3,0,48
how to rank in search youtube,0,3,0,63
how to see competitors keywords free on youtube,0,3,0,78.3
how to see what keywords competitors are using free youtube,0,3,0,65.7
keyword intent youtube,0,3,0,45
keyword intent.io youtube,0,3,0,22
keyword io youtube,0,3,0,31
keyword position checker youtube free,0,3,0,84.7
keyword position tracking youtube,0,3,0,95.7
keyword rank checker youtube free,0,3,0,89.3
keyword rank on free youtube,0,3,0,93
keywords position checker free youtube,0,3,0,78.3
my keyword ranking youtube,0,3,0,66.3
rank checker free youtube,0,3,0,71
rank checker top 1000 youtube free,0,3,0,5.3
rank finder youtube,0,3,0,91.3
rank keyword checker youtube free,0,3,0,9.7
rank my youtube channel,0,3,0,70
ranking check keyword youtube,0,3,0,69.3
search engine keyword rank checker online youtube,0,3,0,66
search ranking checker youtube free,0,3,0,86.7
seo keyword rank checker youtube free,0,3,0,93
test keyword ranking free youtube,0,3,0,81.3
title ranking checker free,0,3,0,52
top search keywords on youtube,0,3,0,57.7
track youtube rankings,0,3,0,75
tube script,0,3,0,63
video carousel rank checker,0,3,0,11
video keyword tracker,0,3,0,48
youtube auto complete,0,3,0,10.7
youtube autocomplete keyword research method,0,3,0,8.7
youtube channel rank checker online free,0,3,0,39.7
youtube clickbait generator,0,3,0,41.3
youtube description generator ai,0,3,0,75.3
youtube keyword position ranking report top free,0,3,0,18.7
youtube keyword rank checker tools,0,3,0,85
youtube keyword rank tool,0,3,0,78
youtube keyword ranking position checker free,0,3,0,80
youtube keywords ranking checker tool,0,3,0,88
youtube keywords ranking checker tool free,0,3,0,70
youtube marketing for agencies,0,3,0,28.7
youtube rank checker app,0,3,0,32.3
youtube rank checker online india app,0,3,0,33.7
youtube rank tool,0,3,0,52.7
youtube ranking search tool,0,3,0,44
youtube ranking tool free,0,3,0,55.7
youtube search engine rank checker tool free,0,3,0,47
youtube search position tool free,0,3,0,25
youtube site keyword ranking checker free,0,3,0,93.3
youtube title and description generator,0,3,0,79.3
youtube transcription services,0,3,0,45.7
youtube video marketing for coaches,0,3,0,12
youtube video ranker free,0,3,0,62.3
youtube video roi,0,3,0,19.3
youtube video tag rank tracker,0,3,0,46.7
аудит канала youtube,0,3,0,64.3
autocomplete youtube,0,2,0,10
best keyword position youtube,0,2,0,15.5
best keyword rank checker free youtube,0,2,0,81.5
best keyword rank checker tool free youtube,0,2,0,91
best keyword ranking in youtube,0,2,0,32
best rank finder youtube,0,2,0,36
best rank keyword checker youtube,0,2,0,19.5
best ranking checker keyword youtube,0,2,0,91.5
best ranking tracker free youtube,0,2,0,91.5
best search position checker youtube,0,2,0,55.5
best video rank checker online free,0,2,0,65
best youtube competitor analysis tool,0,2,0,82.5
best youtube keyword position reporting tool,0,2,0,92
best youtube keywords ranking checker tool,0,2,0,66.5
best youtube rank tracker,0,2,0,82.5
best youtube seo tools free,0,2,0,42
best youtube site keyword ranking checker,0,2,0,57
channel checker,0,2,0,62
check google position search youtube free,0,2,0,10
check keyword rank online youtube,0,2,0,93.5
check keyword rank youtube,0,2,0,65.5
check keyword ranking tool free youtube,0,2,0,84.5
check keyword rankings free youtube,0,2,0,62
check keywords ranking online free youtube,0,2,0,70
check my keyword rank free youtube,0,2,0,90
check my keyword ranking google free youtube,0,2,0,42.5
check position keyword youtube free,0,2,0,55.5
check seo youtube,0,2,0,64
check site keyword position free youtube,0,2,0,99.5
check site keyword position online youtube,0,2,0,90.5
check site position youtube,0,2,0,30.5
competition check,0,2,0,57.5
competition checker free,0,2,0,37.5
competitor analysis - youtube,0,2,0,54.5
find keywords competitors are using free youtube,0,2,0,65
find keywords competitors are using youtube free,0,2,0,53
find keywords used by competitors free youtube,0,2,0,49
find your competitors keywords free youtube,0,2,0,63
find youtube rankings,0,2,0,64.5
free rank checker online youtube,0,2,0,78
free youtube rank checker,0,2,0,48.5
free youtube rank tracker,0,2,0,72.5
free youtube transcript,0,2,0,92
free youtube video rank checker,0,2,0,50.5
google keyword suggestion tool for youtube,0,2,0,69.5
how does youtube rank search results,0,2,0,57
how to check my youtube channel ranking,0,2,0,62.5
how to check youtube channel seo,0,2,0,74
how to get keyword rank on youtube,0,2,0,92.5
keyword finder youtube,0,2,0,91.5
keyword position checking free youtube,0,2,0,48
keyword position youtube,0,2,0,98
keyword position youtube free,0,2,0,86.5
keyword rank on youtube,0,2,0,67.5
keyword rankings in youtube,0,2,0,46
keyword search tool for youtube,0,2,0,79
keywords i rank for youtube free,0,2,0,58
lifestyle video ideas,0,2,0,23
multiple rank checker free youtube,0,2,0,54
multiple rank checker youtube free,0,2,0,34
my keyword ranking youtube free,0,2,0,93
perfect youtube script structure for business owners,0,2,0,12
rank checker top 1000 youtube channels,0,2,0,35.5
rank finder youtube free,0,2,0,62.5
rank tracker for youtube,0,2,0,75
rank tracker free youtube,0,2,0,75
ranking checker keyword free youtube,0,2,0,72.5
ranking checker keyword youtube,0,2,0,88.5
search engine keyword rank free youtube,0,2,0,92.5
search position checker,0,2,0,97.5
search position tool youtube,0,2,0,20
search rank checker free youtube,0,2,0,91
search rank checker youtube,0,2,0,84.5
search rank checker youtube free,0,2,0,93.5
search term finder for youtube,0,2,0,86.5
seo competition checker,0,2,0,87.5
seo keyword position checker youtube,0,2,0,78.5
seo keyword rank checker tool youtube free,0,2,0,88.5
tags for search terms this video is ranking for,0,2,0,24.5
the most searched keywords on youtube,0,2,0,70
top ranking keywords free youtube,0,2,0,40
top searched keywords on youtube,0,2,0,66.5
top youtube rank tracker tool,0,2,0,81
tube tool title and description generator for youtube,0,2,0,69.5
tube-transcript.com,0,2,0,68
using youtube autocomplete for keyword research,0,2,0,6.5
video idea generator,0,2,0,59.5
video ideas generator,0,2,0,62.5
what is rank checker free youtube,0,2,0,81.5
what keywords am i ranking for,0,2,0,86.5
what keywords are my competitors ranking for free youtube,0,2,0,25
where did i can see youtube competitor analysis,0,2,0,41.5
youtube auto suggest,0,2,0,21.5
youtube channel audit tool free,0,2,0,46
youtube channel competitor analysis,0,2,0,47.5
youtube channel ranking check,0,2,0,24.5
youtube competitive analysis,0,2,0,48.5
youtube keyword position checker free,0,2,0,86.5
youtube keyword position checker tool for youtube,0,2,0,96
youtube keyword position checker tool free,0,2,0,60.5
youtube keyword rank checker tool free,0,2,0,97
youtube keyword rank checker tools free,0,2,0,88
youtube keyword rank checker tools free download,0,2,0,39
youtube keyword ranking position free,0,2,0,95.5
youtube keyword ranking report tool free,0,2,0,94.5
youtube keyword ranking tool free,0,2,0,68.5
youtube keywords ranking checker online free,0,2,0,56.5
youtube rank checker net,0,2,0,50.5
youtube ranking keywords,0,2,0,56
youtube ranking system,0,2,0,89
youtube script generator ai,0,2,0,69
youtube seo description generator,0,2,0,68.5
youtube seo keyword rank checker tool,0,2,0,36
youtube seo ranking checker,0,2,0,55.5
youtube tag rank tracking tool,0,2,0,46
youtube tags copy and paste,0,2,0,81.5
youtube video idea generator,0,2,0,56
youtube video rank tracking tool,0,2,0,48
youtube video ranker,0,2,0,55
youtube video seo checker,0,2,0,70
youtube video tag rank checker free,0,2,0,84
youtube+rank+tracker,0,2,0,61
yt description generator,0,2,0,82
yt rank analyzer,0,2,0,66.5
yt rank checker free,0,2,0,70
youtube keywords generator,1,1,1,7
youtube title generator,1,1,1,12
adult tube channel optimization,0,1,0,49
ai description generator youtube,0,1,0,73
ai youtube description generator free,0,1,0,74
ai youtube tag generator,0,1,0,100
ai youtube tags,0,1,0,68
ai youtube video description generator,0,1,0,77
analysis competitor youtube channel,0,1,0,37
android youtube search intent,0,1,0,33
audit tube,0,1,0,34
best bulk keyword rank checker tool youtube,0,1,0,88
best check site position youtube,0,1,0,8
best description generator for youtube,0,1,0,83
best engine keyword ranking search youtube,0,1,0,58
best free youtube transcript generator,0,1,0,90
best google keyword ranking tool for youtube,0,1,0,97
best google keyword tool uk youtube,0,1,0,82
best keyword rank checking tool free youtube,0,1,0,95
best keyword scraper,0,1,0,40
best position rank tracker youtube,0,1,0,34
best rank checker tool youtube,0,1,0,93
best ranking check keyword youtube,0,1,0,37
best ranking keywords for youtube,0,1,0,58
best search engine keyword position tool youtube,0,1,0,87
best search engine position checker tool youtube,0,1,0,54
best seo rank checker youtube,0,1,0,92
best video rank checker for youtube,0,1,0,41
best video rank checker free,0,1,0,42
best video rank tracking free,0,1,0,84
best video rank tracking online free,0,1,0,92
best video seo keyword rank tracker,0,1,0,93
best youtube keyword position checker tool,0,1,0,20
best youtube keyword rank checker tool,0,1,0,30
best youtube keyword rank checker tools,0,1,0,41
best youtube marketing tools agency owners,0,1,0,17
best youtube ranking tool,0,1,0,80
best youtube video rank checker online,0,1,0,35
business short,0,1,0,23
can youtube ads actually generate qualified b2b leads?,0,1,0,11
channel audit,0,1,0,44
channel check,0,1,0,67
check keyword position online youtube,0,1,0,34
check keyword rank youtube free,0,1,0,94
check keyword ranking for my site youtube,0,1,0,19
check my keyword position google youtube,0,1,0,72
check my keyword rank online free youtube,0,1,0,95
check my keyword rank youtube free,0,1,0,93
check position keyword free youtube,0,1,0,10
check position keyword online youtube,0,1,0,42
check rank keyword google free youtube,0,1,0,64
check rank site free youtube,0,1,0,38
check site ranking by keyword free youtube,0,1,0,60
check video ranking on youtube,0,1,0,64
check website for keyword ranking free youtube,0,1,0,99
check website for keyword rankings free youtube,0,1,0,34
check website keyword position online youtube,0,1,0,77
check website keyword position youtube free,0,1,0,88
checking keyword ranking free youtube,0,1,0,99
clickbait titles for youtube,0,1,0,54
competitors keywords free tool for youtube,0,1,0,68
description generator for youtube,0,1,0,74
elontube,0,1,0,8
engine keyword rank free youtube,0,1,0,94
engine keyword ranking search youtube free,0,1,0,24
evaluate the social media company youtube on best hr software,0,1,0,2
evaluate the social media company youtube on hr management services,0,1,0,8
find keyword position free youtube,0,1,0,34
free competition to youtube,0,1,0,15
free description generator for youtube,0,1,0,84
free keyword tools for youtube,0,1,0,91
free ranking checker,0,1,0,94
free youtube channel audit,0,1,0,83
free youtube keyword research tool,0,1,0,6
free youtube seo,0,1,0,97
free youtube video script generator,0,1,0,74
google keyword finder free youtube,0,1,0,98
google keyword position search video,0,1,0,24
google keyword ranking tool for youtube free,0,1,0,51
google keyword suggestion tool free for youtube,0,1,0,95
google keyword suggestion tool free youtube,0,1,0,70
google keyword tester for youtube,0,1,0,46
google search engine keyword ranking free for youtube,0,1,0,36
google search position checker youtube,0,1,0,79
google search term ranking for youtube,0,1,0,37
google search term ranking for youtube free,0,1,0,20
gratis rank tracker online youtube,0,1,0,92
how to check my website keyword ranking free youtube,0,1,0,73
how to check my youtube video ranking,0,1,0,22
how to check seo score of youtube video,0,1,0,95
how to check youtube channel ranking for free,0,1,0,25
how to check youtube keywords,0,1,0,65
how to find out what keywords competitors are using free youtube,0,1,0,54
how to find out what keywords competitors are using youtube free,0,1,0,85
how to find website ranking for keyword free youtube,0,1,0,24
how to find youtube keyword competition score and seo,0,1,0,44
how to generate script from youtube video,0,1,0,82
how to generate youtube traffic,0,1,0,80
how to get leads from youtube,0,1,0,25
how to know competitors keywords free youtube,0,1,0,76
how to see what keywords competitors are using youtube free,0,1,0,70
how to use keyword rank on youtube,0,1,0,45
keyword finder for youtube,0,1,0,72
keyword intent .io youtube,0,1,0,21
keyword intent. io youtube,0,1,0,7
keyword position finder youtube,0,1,0,35
keyword position monitor youtube free,0,1,0,97
keyword position tracker youtube free,0,1,0,100
keyword position tracking tool youtube,0,1,0,17
keyword ranking checker script,0,1,0,99
keyword score youtube,0,1,0,99
keyword tool dominator youtube,0,1,0,48
keywordintent io youtube,0,1,0,16
keywords for free youtube,0,1,0,87
keywords i rank for free youtube,0,1,0,90
lifestyle video ideas for youtube,0,1,0,47
lifestyle youtube video ideas,0,1,0,20
make a description,0,1,0,83
mental health video ideas,0,1,0,11
no keywords in the first 200 characters of your description,0,1,0,11
online youtube rank tracker,0,1,0,62
porntube channel optimization,0,1,0,3
rank checker online free youtube,0,1,0,84
rank checker pro youtube review,0,1,0,55
rank checker tool youtube free,0,1,0,74
rank checker top 1000 youtube,0,1,0,2
ranking keywords for youtube,0,1,0,50
ranking report youtube free,0,1,0,99
search engine keyword position free youtube,0,1,0,11
search engine keyword position tool online youtube,0,1,0,11
search engine keyword position tool youtube,0,1,0,9
search engine rank checker free youtube,0,1,0,79
search position checker youtube chrome,0,1,0,10
search position tool youtube free,0,1,0,21
search rank tracker online youtube,0,1,0,86
search youtube channel competitor analysis,0,1,0,50
see google ranking free youtube,0,1,0,81
seo keyword position free youtube,0,1,0,75
seo keyword rank checker free youtube,0,1,0,96
seo keyword rank checker youtube,0,1,0,89
site position checker free youtube,0,1,0,86
site position checker youtube,0,1,0,98
site position checker youtube free,0,1,0,100
site rank check keyword youtube chrome,0,1,0,63
strategies to rank on reddit and youtube for customer acquisition,0,1,0,19
tactiq io youtube transcript,0,1,0,69
tag rank checker,0,1,0,46
top 20 most searched keywords on youtube,0,1,0,75
top ranking keywords on youtube free,0,1,0,66
transcript generator from youtube video,0,1,0,96
tubebuddy seo score,0,1,0,79
turbo tube marketer,0,1,0,20
vergleich mal anbieter für youtube‑seo‑audits.,0,1,0,11
video ideation,0,1,0,15
video rank tracking free,0,1,0,84
what are people searching for on youtube,0,1,0,61
what keywords are my competitors ranking for youtube free,0,1,0,15
what keywords are my competitors using free on youtube,0,1,0,55
yes,0,1,0,2
youtube <private_person> transcript,0,1,0,11
youtube bot traffic by keywords,0,1,0,70
youtube channel audit free,0,1,0,71
youtube channel audit template,0,1,0,82
youtube channel audit tools,0,1,0,73
youtube channel checker,0,1,0,87
youtube channel description generator,0,1,0,94
youtube channel description generator ai,0,1,0,77
youtube channel keyword checker,0,1,0,2
youtube channel quality checker,0,1,0,50
youtube channel rank tracker tool,0,1,0,48
youtube channel seo audit,0,1,0,49
youtube channel seo checker free,0,1,0,96
youtube description ai,0,1,0,75
youtube description generator online free,0,1,0,70
youtube keyword intent io,0,1,0,8
youtube keyword page checker google,0,1,0,48
youtube keyword position checker tool platform,0,1,0,11
youtube keyword position in search engines free,0,1,0,16
youtube keyword position ranking free,0,1,0,78
youtube keyword position ranking report free,0,1,0,94
youtube keyword position reporting tool free,0,1,0,82
youtube keyword position tool free,0,1,0,73
youtube keyword position tracking tool free,0,1,0,97
youtube keyword rank tool google,0,1,0,94
youtube keyword ranking free,0,1,0,90
youtube keyword ranking generator,0,1,0,54
youtube keyword research tool free,0,1,0,80
youtube keyword suggestion tool,0,1,0,90
youtube lead gen,0,1,0,29
youtube n0nlxuya7fi transcript,0,1,0,7
youtube page audit,0,1,0,54
youtube rank tracker tool,0,1,0,47
youtube rank tracking online,0,1,0,46
youtube ranking keywords free,0,1,0,18
youtube search auto-complete,0,1,0,11
youtube search bar autocomplete for keyword research,0,1,0,6
youtube search engine optimization tools,0,1,0,64
youtube search engine rank checker tool,0,1,0,93
youtube search engine rank checker tool download,0,1,0,26
youtube search engine rank checker tool free download,0,1,0,27
youtube search volume tool,0,1,0,69
youtube search word ranking,0,1,0,46
youtube seo checker free,0,1,0,97
youtube seo keyword ranker,0,1,0,90
youtube seo rank checker tool,0,1,0,48
youtube seo tool,0,1,0,7
youtube shorts business,0,1,0,29
youtube tag generator ai,0,1,0,72
youtube tag generator from url,0,1,0,49
youtube title rank tracking,0,1,0,43
youtube transcirp,0,1,0,67
youtube transcript extractor tools 2026,0,1,0,8
youtube transcript finder,0,1,0,56
youtube transcript generator,0,1,0,64
youtube transcript generator free,0,1,0,57
youtube transcript generator tool,0,1,0,50
youtube trasncript,0,1,0,59
youtube video description generator,0,1,0,79
youtube video ideas for business,0,1,0,49
youtube video ideas generator,0,1,0,58
youtube video rank checker free apk,0,1,0,56
youtube video rank generator,0,1,0,29
youtube video rank tracking free,0,1,0,88
youtube video ranking software free download,0,1,0,28
youtube video seo score checker,0,1,0,83
youtube website keyword ranking checker online,0,1,0,73
youtuber rank checker,0,1,0,90
